-- inserts --

-- AUTHORS --
insert into netbooks.Authors (id, fname, lname, birthdate, gender, bio) values ('1', 'Oscar', 'Wilde', '1854-10-16', 'M', '"Oscar Fingal O''Flahertie Wills Wilde was an Irish playwright, novelist, essayist, and poet. After writing in different forms throughout the 1880s, he became one of London''s most popular playwrights in the early 1890s. He is remembered for his epigrams, his novel The Picture of Dorian Gray, his plays, as well as the circumstances of his imprisonment and early death." -Wikipedia');
insert into netbooks.Authors (id, fname, lname, birthdate, gender, bio) values ('2', 'Charlotte', 'Brontë', '1816-04-24', 'F', '"Charlotte Brontë was an English novelist and poet, the eldest of the three Brontë sisters who survived into adulthood and whose novels have become classics of English literature. She first published her works (including her best known novel, Jane Eyre) under the pen name Currer Bell." -Wikipedia');
insert into netbooks.Authors (id, fname, lname, birthdate, gender, bio) values ('3', 'Jane', 'Austen', '1775-12-16', 'F', '"Jane Austen was an English novelist known primarily for her six major novels, which interpret, critique and comment upon the British landed gentry at the end of the 18th century. Austen''s plots often explore the dependence of women on marriage in the pursuit of favourable social standing and economic security. Her works critique the novels of sensibility of the second half of the 18th century and are part of the transition to 19th-century literary realism." -Wikipedia');
insert into netbooks.Authors (id, fname, lname, birthdate, gender, bio) values ('4', 'Mary', 'Shelley', '1797-08-30', 'F', '"Mary Shelley (née Mary Wollstonecraft Godwin, often known as Mary Wollstonecraft Shelley) was a British novelist, short story writer, dramatist, essayist, biographer, travel writer, and editor of the works of her husband, Romantic poet and philosopher Percy Bysshe Shelley. She was the daughter of the political philosopher William Godwin and the writer, philosopher, and feminist Mary Wollstonecraft." -GoodReads');
insert into netbooks.Authors (id, fname, lname, birthdate, gender, bio) values ('5', 'Mark', 'Twain', '1835-11-30', 'M', '"Samuel Langhorne Clemens, better known by his pen name Mark Twain, was an American author and humorist. He is noted for his novels Adventures of Huckleberry Finn (1885), called "the Great American Novel", and The Adventures of Tom Sawyer (1876)." -GoodReads');
insert into netbooks.Authors (id, fname, lname, birthdate, gender, bio) values ('6', 'Bram', 'Stoker', '1847-11-08', 'M', '"He was born Abraham Stoker in 1847 at 15 Marino Crescent – then as now called "The Crescent" – in Fairview, a coastal suburb of Dublin, Ireland. His parents were Abraham Stoker and the feminist Charlotte Mathilda Blake Thornely. Stoker was the third of seven children. Abraham and Charlotte were members of the Clontarf Church of Ireland parish and attended the parish church (St. John the Baptist located on Seafield Road West) with their children, who were both baptised there." -GoodReads');
insert into netbooks.Authors (id, fname, lname, birthdate, gender, bio) values ('7', 'L. Frank', 'Baum', '1856-05-03', 'M', '"Lyman Frank Baum was an American author, actor, and independent filmmaker best known as the creator, along with illustrator W. W. Denslow, of one of the most popular books in American children''s literature, The Wonderful Wizard of Oz, better known today as simply The Wizard of Oz. He wrote thirteen sequels, nine other fantasy novels, and a plethora of other works (55 novels in total, 82 short stories, over 200 poems, an unknown number of scripts, and many miscellaneous writings), and made numerous attempts to bring his works to the stage and screen." -GoodReads');
insert into netbooks.Authors (id, fname, lname, birthdate, gender, bio) values ('8', 'Miguel de Cervantes', 'Saavedra', '1547-06-21', 'M', '"Miguel de Cervantes Saavedra was a Spanish novelist, poet, and playwright. His novel Don Quixote is often considered his magnum opus, as well as the first modern novel. It is assumed that Miguel de Cervantes was born in Alcalá de Henares. His father was Rodrigo de Cervantes, a surgeon of cordoban descent. Little is known of his mother Leonor de Cortinas, except that she was a native of Arganda del Rey." -GoodReads');
insert into netbooks.Authors (id, fname, lname, birthdate, gender, bio) values ('9', 'H. G.', 'Wells', '1866-09-21', 'M', '"In 1866, (Herbert George) H.G. Wells was born to a working class family in Kent, England. Young Wells received a spotty education, interrupted by several illnesses and family difficulties, and became a draper''s apprentice as a teenager. The headmaster of Midhurst Grammar School, where he had spent a year, arranged for him to return as an "usher," or student teacher. Wells earned a government scholarship in 1884, to study biology under Thomas Henry Huxley at the Normal School of Science. Wells earned his bachelor of science and doctor of science degrees at the University of London. After marrying his cousin, Isabel, Wells began to supplement his teaching salary with short stories and freelance articles, then books, including The Time Machine (1895), The Island of Dr. Moreau (1896), The Invisible Man (1897), and The War of the Worlds (1898)." -GoodReads');
insert into netbooks.Authors (id, fname, lname, birthdate, gender, bio) values ('10', 'Alexandre', 'Dumas', '1802-07-24', 'M', '"Alexandre Dumas, père (French for "father", akin to Senior in English), born Dumas Davy de la Pailleterie, was a French writer, best known for his numerous historical novels of high adventure which have made him one of the most widely read French authors in the world. Many of his novels, including The Count of Monte Cristo, The Three Musketeers, The Man in the Iron Mask, and The Vicomte de Bragelonne were serialized. Dumas also wrote plays and magazine articles, and was a prolific correspondent." -Wikipedia');
insert into netbooks.Authors (id, fname, lname, birthdate, gender, bio) values ('11', 'Robert Louis', 'Stevenson', '1850-11-13', 'M', '"Robert Louis Balfour Stevenson was a Scottish novelist, poet, and travel writer, and a leading representative of English literature. He was greatly admired by many authors, including Jorge Luis Borges, Ernest Hemingway, Rudyard Kipling and Vladimir Nabokov. Most modernist writers dismissed him, however, because he was popular and did not write within their narrow definition of literature. It is only recently that critics have begun to look beyond Stevenson''s popularity and allow him a place in the Western canon." -GoodReads');
insert into netbooks.Authors (id, fname, lname, birthdate, gender, bio) values ('12', 'Nathaniel', 'Hawthorne', '1804-07-04', 'M', '"Nathaniel Hawthorne was a 19th century American novelist and short story writer. He is seen as a key figure in the development of American literature for his tales of the nation''s colonial history." -GoodReads');
insert into netbooks.Authors (id, fname, lname, birthdate, gender, bio) values ('13', 'Charles', 'Dickens', '1812-02-07', 'M', '"Charles John Huffam Dickens (7 February 1812 – 9 June 1870) was an English writer and social critic. He created some of the world''s best-known fictional characters and is regarded as the greatest novelist of the Victorian era. His works enjoyed unprecedented popularity during his lifetime, and by the twentieth century critics and scholars had recognised him as a literary genius. His novels and short stories enjoy lasting popularity." -GoodReads');
insert into netbooks.Authors (id, fname, lname, birthdate, gender, bio) values ('14', 'Louisa May', 'Alcott', '1832-11-29', 'F', '"Louisa May Alcott was born in Germantown, Pennsylvania on November 29, 1832. She and her three sisters, Anna, Elizabeth and May were educated by their father, philosopher/ teacher, Bronson Alcott and raised on the practical Christianity of their mother, Abigail May." -GoodReads');
insert into netbooks.Authors (id, fname, lname, birthdate, gender, bio) values ('15', 'Victor', 'Hugo', '1802-02-26', 'M', '"Victor-Marie Hugo was a French poet, playwright, novelist, essayist, visual artist, statesman, human rights campaigner, and perhaps the most influential exponent of the Romantic movement in France." -GoodReads');
insert into netbooks.Authors (id, fname, lname, birthdate, gender, bio) values ('16', 'Fyodor', 'Dostoyevsky', '1821-11-11', 'M', '"Fyodor Mikhaylovich Dostoyevsky, sometimes transliterated Dostoevsky, was a Russian novelist, journalist, and short-story writer whose psychological penetration into the human soul had a profound influence on the 20th century novel." -GoodReads');
insert into netbooks.Authors (id, fname, lname, birthdate, gender, bio) values ('17', 'Herman', 'Melville', '1819-08-01', 'M', '"Herman Melville was an American novelist, short story writer, essayist, and poet. His first two books gained much attention, though they were not bestsellers, and his popularity declined precipitously only a few years later. By the time of his death he had been almost completely forgotten, but his longest novel, Moby-Dick — largely considered a failure during his lifetime, and most responsible for Melville''s fall from favor with the reading public — was rediscovered in the 20th century as one of the chief literary masterpieces of both American and world literature." -GoodReads');
insert into netbooks.Authors (id, fname, lname, birthdate, gender, bio) values ('18', 'Frances Hodgson', 'Burnett', '1849-11-24', 'F', '"Frances Eliza Hodgson was the daughter of ironmonger Edwin Hodgson, who died three years after her birth, and his wife Eliza Boond. She was educated at The Select Seminary for Young Ladies and Gentleman until the age of fifteen, at which point the family ironmongery, then being run by her mother, failed, and the family emigrated to Knoxville, Tennessee. Here Hodgson began to write, in order to supplement the family income, assuming full responsibility for the family upon the death of her mother, in 1870. In 1872 she married Dr. Swan Burnett, with whom she had two sons, Lionel and Vivian. The marriage was dissolved in 1898. In 1900 Burnett married actor Stephen Townsend until 1902 when they got divorced. Following her great success as a novelist, playwright, and children''s author, Burnett maintained homes in both England and America, traveling back and forth quite frequently. She died in her Long Island, New York home, in 1924." -GoodReads');
insert into netbooks.Authors (id, fname, lname, birthdate, gender, bio) values ('19', 'J. M.', 'Barrie', '1860-05-09', 'M', '"Sir James Matthew Barrie, 1st Baronet, OM was a Scottish author and dramatist, best remembered today as the creator of Peter Pan. The son of a weaver, Barrie studied at the University of Edinburgh. He took up journalism, worked for a Nottingham newspaper, and contributed to various London journals before moving to London in 1885. His early works, Auld Licht Idylls (1889) and A Window in Thrums (1889), contain fictional sketches of Scottish life and are commonly seen as representative of the Kailyard school. The publication of The Little Minister (1891) established his reputation as a novelist. During the next 10 years Barrie continued writing novels, but gradually his interest turned toward the theatre." -GoodReads');
insert into netbooks.Authors (id, fname, lname, birthdate, gender, bio) values ('20', 'Franz', 'Kafka', '1883-07-03', 'M', '"Franz Kafka was one of the major fiction writers of the 20th century. He was born to a middle-class German-speaking Jewish family in Prague, Bohemia (presently the Czech Republic), Austria–Hungary. His unique body of writing—much of which is incomplete and which was mainly published posthumously—is considered to be among the most influential in Western literature." -GoodReads');
insert into netbooks.Authors (id, fname, lname, birthdate, gender, bio) values ('21', 'L. M.', 'Montgomery', '1874-11-30', 'F', '"Lucy Maud Montgomery was a Canadian author, best known for a series of novels beginning with Anne of Green Gables, published in 1908. The author of the famous Canadian novel Anne of Green Gables, Lucy Maud Montgomery, was born at Clifton, Prince Edward Island, Nov. 30, 1874. She came to live at Leaskdale, north of Uxbridge Ontario, in 1911 after her wedding with Rev. Ewen Macdonald on July 11, 1911 in Prince Edward Island. Her three children were born at Leaskdale, and she wrote close to a dozen books while she was living in the Leaskdale Manse before the Macdonald family moved to Norval, Ontario in 1926." -GoodReads'); 
insert into netbooks.Authors (id, fname, lname, birthdate, gender, bio) values ('22', 'Daniel', 'Defoe', null, 'M', '"Daniel Defoe (1659/1661 [?] - 1731) was an English writer, journalist, and spy, who gained enduring fame for his novel, Robinson Crusoe. Defoe is notable for being one of the earliest practitioners of the novel and helped popularize the genre in Britain. In some texts he is even referred to as one of the founders, if not the founder, of the English novel. A prolific and versatile writer, he wrote more than five hundred books, pamphlets, and journals on various topics (including politics, crime, religion, marriage, psychology and the supernatural). He was also a pioneer of economic journalism." -GoodReads');
insert into netbooks.Authors (id, fname, lname, birthdate, gender, bio) values ('23', 'William', 'Shakespeare', null, 'M', '"William Shakespeare (baptised 26 April 1564) was an English poet and playwright, widely regarded as the greatest writer in the English language and the world''s pre-eminent dramatist. He is often called England''s national poet and the "Bard of Avon" (or simply "The Bard"). His surviving works consist of 38 plays, 154 sonnets, two long narrative poems, and several other poems. His plays have been translated into every major living language, and are performed more often than those of any other playwright." -GoodReads');
insert into netbooks.Authors (id, fname, lname, birthdate, gender, bio) values ('24', 'Arthur Conan', 'Doyle', '1859-05-22', 'M', '"Arthur Conan Doyle was born the third of ten siblings on 22 May 1859 in Edinburgh, Scotland. His father, Charles Altamont Doyle, was born in England of Irish descent, and his mother, born Mary Foley, was Irish. They were married in 1855." -GoodReads');
insert into netbooks.Authors (id, fname, lname, birthdate, gender, bio) values ('25', 'Jack', 'London', '1876-01-12', 'M', '"Jack London was an American novelist, journalist, social-activist and short-story writer whose works deal romantically with elemental struggles for survival. At his peak, he was the highest paid and the most popular of all living writers. Because of early financial difficulties, he was largely self educated past grammar school." -GoodReads');
insert into netbooks.Authors (id, fname, lname, birthdate, gender, bio) values ('26', 'Homer', null, '0750-04-14', 'M', '"In the Western classical tradition, Homer is considered the author of The Iliad and The Odyssey, and is revered as the greatest of ancient Greek epic poets. These epics lie at the beginning of the Western canon of literature, and have had an enormous influence on the history of literature." -GoodReads');
insert into netbooks.Authors (id, fname, lname, birthdate, gender, bio) values ('27', 'Lewis', 'Carroll', '1832-01-27', 'M', '"The Reverend Charles Lutwidge Dodgson, better known by the pen name Lewis Carroll, was an English author, mathematician, logician, Anglican clergyman and photographer. His most famous writings are Alice''s Adventures in Wonderland and its sequel Through the Looking-Glass as well as the poems "The Hunting of the Snark" and "Jabberwocky", all considered to be within the genre of literary nonsense." -GoodReads');
insert into netbooks.Authors (id, fname, lname, birthdate, gender, bio) values ('28', 'Alan', 'Hourse', '1928-08-11', 'M', '"Alan Edward Nourse was an American science fiction (SF) author and physician. He also wrote under the name Dr. X. He wrote both juvenile and adult science fiction, as well as nonfiction works about medicine and science." -GoodReads'); 
insert into netbooks.Authors (id, fname, lname, birthdate, gender, bio) values ('29', 'Max', 'Brooks', '1972-05-22', 'M', '"Brooks is the son of director Mel Brooks and the late actress Anne Bancroft. He is a 1994 graduate of Pitzer College. His wife, Michelle, is a screenwriter, and the couple have a son, Henry." -GoodReads');
insert into netbooks.Authors (id, fname, lname, birthdate, gender, bio) values ('30', 'Stephen', 'King', '1947-09-21', 'M', '"Stephen Edwin King was born the second son of Donald and Nellie Ruth Pillsbury King. After his father left them when Stephen was two, he and his older brother, David, were raised by his mother. Parts of his childhood were spent in Fort Wayne, Indiana, where his father''s family was at the time, and in Stratford, Connecticut. When Stephen was eleven, his mother brought her children back to Durham, Maine, for good. Her parents, Guy and Nellie Pillsbury, had become incapacitated with old age, and Ruth King was persuaded by her sisters to take over the physical care of them. Other family members provided a small house in Durham and financial support. After Stephen''s grandparents passed away, Mrs. King found work in the kitchens of Pineland, a nearby residential facility for the mentally challenged." -GoodReads');
insert into netbooks.Authors (id, fname, lname, birthdate, gender, bio) values ('31', 'Orson', 'Card', '1951-08-24', 'M', '"Card was born in Washington and grew up in California, Arizona, and Utah. He served a mission for the LDS Church in Brazil in the early 1970s. Besides his writing, he teaches occasional classes and workshops and directs plays. He recently began a longterm position as a professor of writing and literature at Southern Virginia University." -GoodReads');

-- GENRES --
insert into netbooks.Genres values ('Drama');
insert into netbooks.Genres values ('Adventure');
insert into netbooks.Genres values ('Romance');
insert into netbooks.Genres values ('Horror');
insert into netbooks.Genres values ('Sci-Fi');

-- BOOKS --
insert into netbooks.Books (title, numCopies, pubDate, numOut, ebook, link, cover, rating, descr, Authors_id, Genres_type) values ('Jane Eyre', '2', '1847-10-16', '0', '1', 'https://www.gutenberg.org/files/1260/1260-h/1260-h.htm', 'https://images.gr-assets.com/books/1327867269l/10210.jpg', '7', '"Orphaned into the household of her Aunt Reed at Gateshead..." -GoodReads', '2', 'Drama');
insert into netbooks.Books (title, numCopies, pubDate, numOut, ebook, link, cover, rating, descr, Authors_id, Genres_type) values ('The Adventures of Huckleberry Finn', '2', '1884-12-10', '0', '1', 'https://www.gutenberg.org/files/76/76-h/76-h.htm', 'https://images.gr-assets.com/books/1405973850l/2956.jpg', '6', '"Of all the contenders for the title of The Great American Novel..." -GoodReads', '5', 'Adventure');
insert into netbooks.Books (title, numCopies, pubDate, numOut, ebook, link, cover, rating, descr, Authors_id, Genres_type) values ('Dracula', '2', '1897-05-26', '0', '1', 'https://www.gutenberg.org/files/345/345-h/345-h.htm', 'https://images.gr-assets.com/books/1387151694l/17245.jpg', '8', '"A rich selection of background and source materials is provided..." -GoodReads', '6', 'Horror');
insert into netbooks.Books (title, numCopies, pubDate, numOut, ebook, link, cover, rating, descr, Authors_id, Genres_type) values ('The Wonderful Wizard of Oz', '2', '1900-05-17', '0', '1', 'http://www.gutenberg.org/files/55/55-h/55-h.htm', 'https://images.gr-assets.com/books/1398003737l/236093.jpg', '8', '"Dorothy thinks she''s lost forever when a tornado whirls her and her dog..." -GoodReads', '7', 'Adventure');
insert into netbooks.Books (title, numCopies, pubDate, numOut, ebook, link, cover, rating, descr, Authors_id, Genres_type) values ('The Time Machine', '2', '1898-01-01', '0', '1', 'http://www.gutenberg.org/cache/epub/35/pg35-images.html', 'https://images.gr-assets.com/books/1327942880l/2493.jpg', '7', '"So begins the Time Traveller’s astonishing firsthand account of his journey..." -GoodReads', '9', 'Sci-Fi');
insert into netbooks.Books (title, numCopies, pubDate, numOut, ebook, link, cover, rating, descr, Authors_id, Genres_type) values ('The Strange Case of Dr. Jekyll and Mr. Hyde', '2', '1886-01-05', '0', '1', 'http://www.gutenberg.org/cache/epub/42/pg42-images.html', 'https://images.gr-assets.com/books/1318116526l/51496.jpg', '7', '"In this harrowing tale of good and evil, the mild-mannered Dr. Jekyll develops..." -GoodReads', '11', 'Sci-Fi');
insert into netbooks.Books (title, numCopies, pubDate, numOut, ebook, link, cover, rating, descr, Authors_id, Genres_type) values ('The Three Musketeers', '2', '1844-01-01', '0', '1', 'http://www.gutenberg.org/files/1257/1257-h/1257-h.htm', 'https://images.gr-assets.com/books/1320436982l/7190.jpg', '8', '"One of the most celebrated and popular historical romances ever written..." -GoodReads', '10', 'Adventure');
insert into netbooks.Books (title, numCopies, pubDate, numOut, ebook, link, cover, rating, descr, Authors_id, Genres_type) values ('David Copperfield', '2', '1849-01-01', '0', '1', 'http://www.gutenberg.org/files/766/766-h/766-h.htm', 'https://images.gr-assets.com/books/1461452762l/58696.jpg', '7', '"David Copperfield is the story of a young man’s adventures on his journey..." -GoodReads', '13', 'Drama');
insert into netbooks.Books (title, numCopies, pubDate, numOut, ebook, link, cover, rating, descr, Authors_id, Genres_type) values ('Alice in Wonderland', '2', '1865-01-01', '0', '1', 'https://www.gutenberg.org/files/11/11-h/11-h.htm', 'https://images.gr-assets.com/books/1391458382l/13023.jpg', '9', '"Alice''s Adventures in Wonderland (commonly shortened to Alice in Wonderland)..." -GoodReads', '27', 'Adventure');
insert into netbooks.Books (title, numCopies, pubDate, numOut, ebook, link, cover, rating, descr, Authors_id, Genres_type) values ('The Odyssey', '0', '0800-01-01', '0', '1', 'http://www.gutenberg.org/files/1727/1727-h/1727-h.htm', 'https://images.gr-assets.com/books/1390173285l/1381.jpg', '9', '"When Robert Fagles'' translation of The Iliad was published in 1990, critics..." -GoodReads', '26', 'Adventure');
insert into netbooks.Books (title, numCopies, pubDate, numOut, ebook, link, cover, rating, descr, Authors_id, Genres_type) values ('Hamlet', '0', '1600-01-01', '0', '1', 'http://www.gutenberg.org/cache/epub/1524/pg1524-images.html', 'https://images.gr-assets.com/books/1351051208l/1420.jpg', '8', '"One of the greatest plays of all time, the compelling tragedy of the tormented..." -GoodReads', '23', 'Drama'); 
insert into netbooks.Books (title, numCopies, pubDate, numOut, ebook, link, cover, rating, descr, Authors_id, Genres_type) values ('Star Surgeon', '2', '1963-01-01', '0', '1', 'http://www.gutenberg.org/files/18492/18492-h/18492-h.htm', 'http://www.loyalbooks.com/image/detail/Star-Surgeon.jpg', '6', '"Dal Timgar had always wanted to be a doctor. As a Garvian and the first non-human..." -GoodReads', '28', 'Sci-Fi');
insert into netbooks.Books (title, numCopies, pubDate, numOut, ebook, link, cover, rating, descr, Authors_id, Genres_type) values ('World War Z', '2', '2006-09-12', '0', '0', null, 'https://upload.wikimedia.org/wikipedia/en/7/76/World_War_Z_book_cover.jpg', '9', '"The Zombie War came unthinkably close to eradicating humanity..." -GoodReads', '29', 'Horror');
insert into netbooks.Books (title, numCopies, pubDate, numOut, ebook, link, cover, rating, descr, Authors_id, Genres_type) values ('Cujo', '2', '1981-09-08', '0', '0', null, 'http://images.gr-assets.com/books/1394208144l/10603.jpg', '8', '"Outside a peaceful town in central Maine, a monster is waiting..." -GoodReads', '30', 'Horror'); 
insert into netbooks.Books (title, numCopies, pubDate, numOut, ebook, link, cover, rating, descr, Authors_id, Genres_type) values ('Frankenstein', '2', '1818-03-11', '0', '1', 'https://www.gutenberg.org/files/84/84-h/84-h.htm', 'http://images.gr-assets.com/books/1381512375l/18490.jpg', '7', '"At once a Gothic thriller, a passionate romance, and a cautionary tale about the..." -GoodReads', '4', 'Horror');
insert into netbooks.Books (title, numCopies, pubDate, numOut, ebook, link, cover, rating, descr, Authors_id, Genres_type) values ('The Shining', '2', '1980-07-01', '0', '0', null, 'http://images.gr-assets.com/books/1353277730l/11588.jpg', '8', '"Jack Torrance''s new job at the Overlook Hotel is the perfect chance..." -GoodReads', '30', 'Horror'); 
insert into netbooks.Books (title, numCopies, pubDate, numOut, ebook, link, cover, rating, descr, Authors_id, Genres_type) values ('The War of the Worlds', '2', '1897-01-01', '0', '1', 'http://www.gutenberg.org/files/36/36-h/36-h.htm', 'http://images.gr-assets.com/books/1382758951l/652083.jpg', '9', '"With H.G. Wells’ other novels, The War of the Worlds was one of the first..." -GoodReads', '9', 'Sci-Fi');
insert into netbooks.Books (title, numCopies, pubDate, numOut, ebook, link, cover, rating, descr, Authors_id, Genres_type) values ('Ender''s Game', '2', '1985-01-15', '0', '0', null, 'http://images.gr-assets.com/books/1408303130l/375802.jpg', '8', '"Andrew "Ender" Wiggin thinks he is playing computer simulated war games..." -GoodReads', '31', 'Sci-Fi');
insert into netbooks.Books (title, numCopies, pubDate, numOut, ebook, link, cover, rating, descr, Authors_id, Genres_type) values ('Northanger Abbey', '2', '1817-12-01', '0', '1', 'https://www.gutenberg.org/files/121/121-h/121-h.htm', 'http://images.gr-assets.com/books/1388201718l/50398.jpg', '7', '"Northanger Abbey is often referred to as Jane Austen''s Gothic parody..." -GoodReads', '3', 'Drama');
insert into netbooks.Books (title, numCopies, pubDate, numOut, ebook, link, cover, rating, descr, Authors_id, Genres_type) values ('Pride and Prejudice', '2', '1813-01-28', '0', '1', 'https://www.gutenberg.org/files/1342/1342-h/1342-h.htm', 'http://images.gr-assets.com/books/1320399351l/1885.jpg', '8', '"“It is a truth universally acknowledged, that a single man in possession of a good..." -GoodReads', '3', 'Romance');
insert into netbooks.Books (title, numCopies, pubDate, numOut, ebook, link, cover, rating, descr, Authors_id, Genres_type) values ('The Count of Monte Cristo', '2', '1844-01-01', '0', '1', 'http://www.gutenberg.org/files/1184/1184-h/1184-h.htm', 'https://bybliotech.org/wp-content/uploads/2013/08/The-Count-of-Monte-Cristo-Cover-2-768x1024.jpg', '7', '"Thrown in prison for a crime he has not committed, Edmond Dantès is confined..." -GoodReads', '10', 'Romance');
insert into netbooks.Books (title, numCopies, pubDate, numOut, ebook, link, cover, rating, descr, Authors_id, Genres_type) values ('The Scarlett Letter', '2', '1850-01-01', '0', '1', 'http://www.gutenberg.org/cache/epub/33/pg33-images.html', 'http://i.gr-assets.com/images/S/compressed.photo.goodreads.com/books/1328118276i/6193937._UY200_.jpg', '6', '"Set in the harsh Puritan community of seventeenth-century Boston, this tale..." -GoodReads', '12', 'Romance');

-- USERS --
insert into users values ('user1', 'pAssword1', 'user1@gmail.com', 'John', 'Doe', '1969-04-20', '123 Address Lane', '30605', 'Athens', 'GA', '1');
insert into users values ('user2', 'pAssword2', 'user2@gmail.com', 'Jane', 'Doe', '1969-04-21', '124 Address Lane', '30606', 'Athens', 'GA', '1');
insert into users values ('user3', 'pAssword3', 'user3@gmail.com', 'Johnny', 'Doe', '1969-04-22', '125 Address Lane', '30607', 'Athens', 'GA', '1');
insert into users values ('user4', 'pAssword4', 'user4@gmail.com', 'Jack', 'Doe', '1969-04-23', '126 Address Lane', '30608', 'Athens', 'GA', '1');
insert into users values ('user5', 'pAssword5', 'user5@gmail.com', 'Jacky', 'Doe', '1969-04-24', '127 Address Lane', '30609', 'Athens', 'GA', '1');
insert into users values ('user6', 'pAssword6', 'user6@gmail.com', 'Janet', 'Doe', '1969-04-25', '128 Address Lane', '30610', 'Watkinsville', 'GA', '1');
insert into users values ('user7', 'pAssword7', 'user7@gmail.com', 'Joan', 'Doe', '1969-04-26', '129 Address Lane', '30611', 'Watkinsville', 'GA', '1');
insert into users values ('user8', 'pAssword8', 'user8@gmail.com', 'Joanie', 'Doe', '1969-04-27', '130 Address Lane', '30612', 'Watkinsville', 'GA', '1');
insert into users values ('user9', 'pAssword9', 'user9@gmail.com', 'Jake', 'Doe', '1969-04-28', '131 Address Lane', '30613', 'Watkinsville', 'GA', '1');
insert into users values ('basic_user', 'pAssword10', 'user10@gmail.com', 'Jay', 'Doe', '1969-04-29', '132 Address Lane', '30614', 'Watkinsville', 'GA', '0');

-- REVIEWS --
insert into reviews values ('1', '8', 'This book was gripping until the very end. The chapters with heavy dialogue were such a BORE though. I''m the kind of guy who hates talking and only cares about the action in a book.', '21', 'user1');
insert into reviews values ('2', '4', 'The excitement in this book was not at all worth the massive buildup and back and forth between characters. I do not recommend this book. If it is required for you to read, I am sorry.', '1', 'user2');
insert into reviews values ('3', '3', 'Was not about the magician. Very disappointed.', '8', 'user3');
insert into reviews values ('4', '5', 'Did not have Emma Stone. Eh, at best.', '22', 'user4');
insert into reviews values ('5', '9', 'Embarrassing screamed out loud in the library. Really good hoor book!', '14', 'user5');
insert into reviews values ('6', '10', 'Really liked the caterpillar. The rabbit was cool too; I hope he made his date.', '9', 'user6');
insert into reviews values ('7', '3', 'SPOILER ALERT: it was bacteria. Can you believe that? Bacteria killed an entire race of aliens invading Earth.', '17', 'user7');
insert into reviews values ('8', '9', 'Ohhhh Hamlet, Hamlet, Hamlet. What more can I say?', '11', 'user8');
insert into reviews values ('9', '10', 'Homer is truly the master of epics. So much of his story is still relevant in this day and age.', '10', 'user9');
